Workbook

Sheet Top
E3: Camera 1 with filter | N3: Camera 2 with filter
E4: Schweppes | F4: Fluorescein | G4: Rhodomine | H4: Nile Blue | N4: Schweppes | O4: Fluorescein | P4: Rhodomine | Q4: Nile Blue
D5: λ(nm) | E5: 405 | F5: 488 | G5: 561 | H5: 640 | M5: λ(nm) | N5: 405 | O5: 488 | P5: 561 | Q5: 640
D6: Angle Tilt | E6: 0.098 | F6: 0.536 | G6: 0.056 | H6: 0.198 | M6: Angle Tilt | N6: -0.177 | O6: 0.186 | P6: -0.294 | Q6: -0.157
D7: Focus | E7: 879 | F7: 921 | G7: 765 | H7: 866 | M7: Focus | N7: 1052 | O7: 1086 | P7: 925 | Q7: 1030
D8: FWHM(µm) | E8: 5.674 | F8: 3.875 | G8: 4.378 | H8: 4.246 | M8: FWHM(µm) | N8: 4.751 | O8: 3.805 | P8: 4.473 | Q8: 4.607
D9: w0(µm) | E9: =E8/(SQRT(2*LN(2))) -> 4.8190519 | F9: =F8/(SQRT(2*LN(2))) -> 3.291122 | G9: =G8/(SQRT(2*LN(2))) -> 3.7183308 | H9: =H8/(SQRT(2*LN(2))) -> 3.6062204 | M9: w0(µm) | N9: =N8/(SQRT(2*LN(2))) -> 4.0351279 | O9: =O8/(SQRT(2*LN(2))) -> 3.2316695 | P9: =P8/(SQRT(2*LN(2))) -> 3.7990164 | Q9: =Q8/(SQRT(2*LN(2))) -> 3.9128255
D10: zR(µm) | E10: =(PI()*E9^2)/(E5*10^-3) -> 180.14328 | F10: =(PI()*F9^2)/(F5*10^-3) -> 69.729734 | G10: =(PI()*G9^2)/(G5*10^-3) -> 77.425331 | H10: =(PI()*H9^2)/(H5*10^-3) -> 63.837287 | M10: zR(µm) | N10: =(PI()*N9^2)/(N5*10^-3) -> 126.30177 | O10: =(PI()*O9^2)/(O5*10^-3) -> 67.233221 | P10: =(PI()*P9^2)/(P5*10^-3) -> 80.821955 | Q10: =(PI()*Q9^2)/(Q5*10^-3) -> 75.153786
D11: FOV(µm) | E11: =2*E10 -> 360.28655 | F11: =2*F10 -> 139.45947 | G11: =2*G10 -> 154.85066 | H11: =2*H10 -> 127.67457 | M11: FOV(µm) | N11: =2*N10 -> 252.60355 | O11: =2*O10 -> 134.46644 | P11: =2*P10 -> 161.64391 | Q11: =2*Q10 -> 150.30757
D12: Raxial(µm) | E12: =2*E9 -> 9.6381038 | F12: =2*F9 -> 6.582244 | G12: =2*G9 -> 7.4366617 | H12: =2*H9 -> 7.2124407 | M12: Raxial(µm) | N12: =2*N9 -> 8.0702557 | O12: =2*O9 -> 6.4633389 | P12: =2*P9 -> 7.5980328 | Q12: =2*Q9 -> 7.8256511
D13: NA | E13: =(1.33*E5*10^-3)/(PI()*E9) -> 0.035579119 | F13: =(1.33*F5*10^-3)/(PI()*F9) -> 0.062773683 | G13: =(1.33*G5*10^-3)/(PI()*G9) -> 0.063872895 | H13: =(1.33*H5*10^-3)/(PI()*H9) -> 0.075132784 | M13: NA | N13: =(1.33*N5*10^-3)/(PI()*N9) -> 0.042491248 | O13: =(1.33*O5*10^-3)/(PI()*O9) -> 0.063928521 | P13: =(1.33*P5*10^-3)/(PI()*P9) -> 0.062516328 | Q13: =(1.33*Q5*10^-3)/(PI()*Q9) -> 0.069245453
E15: Camera 1 without filter | N15: Camera 2 without filter
E16: Schweppes | F16: Fluorescein | G16: Rhodomine | H16: Nile Blue | N16: Schweppes | O16: Fluorescein | P16: Rhodomine | Q16: Nile Blue
D17: λ(nm) | E17: 405 | F17: 488 | G17: 561 | H17: 640 | M17: λ(nm) | N17: 405 | O17: 488 | P17: 561 | Q17: 640
D18: Angle Tilt | E18: 0.187 | F18: 0.551 | G18: 0.047 | H18: 0.2 | M18: Angle Tilt | N18: -0.17 | O18: 0.186 | P18: -0.312 | Q18: -0.154
D19: Focus | E19: 883 | F19: 929 | G19: 768 | H19: 865 | M19: Focus | N19: 1047 | O19: 1101 | P19: 944 | Q19: 1027
D20: FWHM(µm) | E20: 3.784 | F20: 4.246 | G20: 4.148 | H20: 4.276 | M20: FWHM(µm) | N20: 3.65 | O20: 4.11 | P20: 4.616 | Q20: 4.352
D21: w0(µm) | E21: =E20/(SQRT(2*LN(2))) -> 3.2138337 | F21: =F20/(SQRT(2*LN(2))) -> 3.6062204 | G21: =G20/(SQRT(2*LN(2))) -> 3.5229868 | H21: =H20/(SQRT(2*LN(2))) -> 3.6317 | M21: w0(µm) | N21: =N20/(SQRT(2*LN(2))) -> 3.1000246 | O21: =O20/(SQRT(2*LN(2))) -> 3.4907126 | P21: =P20/(SQRT(2*LN(2))) -> 3.9204694 | Q21: =Q20/(SQRT(2*LN(2))) -> 3.6962485
D22: zR(µm) | E22: =(PI()*E21^2)/(E17*10^-3) -> 80.120131 | F22: =(PI()*F21^2)/(F17*10^-3) -> 83.721032 | G22: =(PI()*G21^2)/(G17*10^-3) -> 69.50388 | H22: =(PI()*H21^2)/(H17*10^-3) -> 64.742555 | M22: zR(µm) | N22: =(PI()*N21^2)/(N17*10^-3) -> 74.546133 | O22: =(PI()*O21^2)/(O17*10^-3) -> 78.44373 | P22: =(PI()*P21^2)/(P17*10^-3) -> 86.07225 | Q22: =(PI()*Q21^2)/(Q17*10^-3) -> 67.064427
D23: FOV(µm) | E23: =2*E22 -> 160.24026 | F23: =2*F22 -> 167.44206 | G23: =2*G22 -> 139.00776 | H23: =2*H22 -> 129.48511 | M23: FOV(µm) | N23: =2*N22 -> 149.09227 | O23: =2*O22 -> 156.88746 | P23: =2*P22 -> 172.1445 | Q23: =2*Q22 -> 134.12885
D24: Raxial(µm) | E24: =2*E21 -> 6.4276674 | F24: =2*F21 -> 7.2124407 | G24: =2*G21 -> 7.0459737 | H24: =2*H21 -> 7.2634 | M24: Raxial(µm) | N24: =2*N21 -> 6.2000491 | O24: =2*O21 -> 6.9814252 | P24: =2*P21 -> 7.8409389 | Q24: =2*Q21 -> 7.3924969
D25: NA | E25: =(1.33*E17*10^-3)/(PI()*E21) -> 0.053349873 | F25: =(1.33*F17*10^-3)/(PI()*F21) -> 0.057288748 | G25: =(1.33*G17*10^-3)/(PI()*G21) -> 0.067414545 | H25: =(1.33*H17*10^-3)/(PI()*H21) -> 0.07460566 | M25: NA | N25: =(1.33*N17*10^-3)/(PI()*N21) -> 0.055308471 | O25: =(1.33*O17*10^-3)/(PI()*O21) -> 0.059184434 | P25: =(1.33*P17*10^-3)/(PI()*P21) -> 0.060579622 | Q25: =(1.33*Q17*10^-3)/(PI()*Q21) -> 0.073302803

Sheet Middle
E3: Camera 1 with filter | N3: Camera 2 with filter
E4: Schweppes | F4: Fluorescein | G4: Rhodomine | H4: Nile Blue | N4: Schweppes | O4: Fluorescein | P4: Rhodomine | Q4: Nile Blue
D5: λ(nm) | E5: 405 | F5: 488 | G5: 561 | H5: 640 | M5: λ(nm) | N5: 405 | O5: 488 | P5: 561 | Q5: 640
D6: Angle Tilt | E6: 0.265 | F6: 0.626 | G6: 0.158 | H6: 0.316 | M6: Angle Tilt | N6: -0.14 | O6: 0.233 | P6: -0.23 | Q6: -0.071
D7: Focus | E7: 945 | F7: 958 | G7: 788 | H7: 884 | M7: Focus | N7: 1096 | O7: 1125 | P7: 960 | Q7: 1053
D8: FWHM(µm) | E8: 5.441 | F8: 4.006 | G8: 4.254 | H8: 4.152 | M8: FWHM(µm) | N8: 5.358 | O8: 3.872 | P8: 4.45 | Q8: 4.822
D9: w0(µm) | E9: =E8/(SQRT(2*LN(2))) -> 4.6211599 | F9: =F8/(SQRT(2*LN(2))) -> 3.4023831 | G9: =G8/(SQRT(2*LN(2))) -> 3.6130149 | H9: =H8/(SQRT(2*LN(2))) -> 3.5263841 | M9: w0(µm) | N9: =N8/(SQRT(2*LN(2))) -> 4.5506662 | O9: =O8/(SQRT(2*LN(2))) -> 3.288574 | P9: =P8/(SQRT(2*LN(2))) -> 3.779482 | Q9: =Q8/(SQRT(2*LN(2))) -> 4.0954297
D10: zR(µm) | E10: =(PI()*E9^2)/(E5*10^-3) -> 165.65206 | F10: =(PI()*F9^2)/(F5*10^-3) -> 74.524056 | G10: =(PI()*G9^2)/(G5*10^-3) -> 73.10154 | H10: =(PI()*H9^2)/(H5*10^-3) -> 61.042053 | M10: zR(µm) | N10: =(PI()*N9^2)/(N5*10^-3) -> 160.63671 | O10: =(PI()*O9^2)/(O5*10^-3) -> 69.621807 | P10: =(PI()*P9^2)/(P5*10^-3) -> 79.992925 | Q10: =(PI()*Q9^2)/(Q5*10^-3) -> 82.332036
D11: FOV(µm) | E11: =2*E10 -> 331.30412 | F11: =2*F10 -> 149.04811 | G11: =2*G10 -> 146.20308 | H11: =2*H10 -> 122.08411 | M11: FOV(µm) | N11: =2*N10 -> 321.27343 | O11: =2*O10 -> 139.24361 | P11: =2*P10 -> 159.98585 | Q11: =2*Q10 -> 164.66407
D12: Raxial(µm) | E12: =2*E9 -> 9.2423198 | F12: =2*F9 -> 6.8047663 | G12: =2*G9 -> 7.2260299 | H12: =2*H9 -> 7.0527682 | M12: Raxial(µm) | N12: =2*N9 -> 9.1013324 | O12: =2*O9 -> 6.577148 | P12: =2*P9 -> 7.558964 | Q12: =2*Q9 -> 8.1908594
D13: NA | E13: =(1.33*E5*10^-3)/(PI()*E9) -> 0.037102724 | F13: =(1.33*F5*10^-3)/(PI()*F9) -> 0.060720924 | G13: =(1.33*G5*10^-3)/(PI()*G9) -> 0.065734728 | H13: =(1.33*H5*10^-3)/(PI()*H9) -> 0.076833767 | M13: NA | N13: =(1.33*N5*10^-3)/(PI()*N9) -> 0.037677477 | O13: =(1.33*O5*10^-3)/(PI()*O9) -> 0.06282232 | P13: =(1.33*P5*10^-3)/(PI()*P9) -> 0.062839446 | Q13: =(1.33*Q5*10^-3)/(PI()*Q9) -> 0.066157984
E15: Camera 1 without filter | N15: Camera 2 without filter
E16: Schweppes | F16: Fluorescein | G16: Rhodomine | H16: Nile Blue | N16: Schweppes | O16: Fluorescein | P16: Rhodomine | Q16: Nile Blue
D17: λ(nm) | E17: 405 | F17: 488 | G17: 561 | H17: 640 | M17: λ(nm) | N17: 405 | O17: 488 | P17: 561 | Q17: 640
D18: Angle Tilt | E18: 0.274 | F18: 0.627 | G18: 0.096 | H18: 0.299 | M18: Angle Tilt | N18: -0.132 | O18: 0.229 | P18: -0.252 | Q18: -0.084
D19: Focus | E19: 927 | F19: 971 | G19: 779 | H19: 887 | M19: Focus | N19: 1101 | O19: 1140 | P19: 980 | Q19: 1055
D20: FWHM(µm) | E20: 3.708 | F20: 4.347 | G20: 4.274 | H20: 4.205 | M20: FWHM(µm) | N20: 3.838 | O20: 4.009 | P20: 4.663 | Q20: 4.456
D21: w0(µm) | E21: =E20/(SQRT(2*LN(2))) -> 3.1492852 | F21: =F20/(SQRT(2*LN(2))) -> 3.6920019 | G21: =G20/(SQRT(2*LN(2))) -> 3.6300014 | H21: =H20/(SQRT(2*LN(2))) -> 3.5713982 | M21: w0(µm) | N21: =N20/(SQRT(2*LN(2))) -> 3.2596971 | O21: =O20/(SQRT(2*LN(2))) -> 3.4049311 | P21: =P20/(SQRT(2*LN(2))) -> 3.9603876 | Q21: =Q20/(SQRT(2*LN(2))) -> 3.7845779
D22: zR(µm) | E22: =(PI()*E21^2)/(E17*10^-3) -> 76.934094 | F22: =(PI()*F21^2)/(F17*10^-3) -> 87.751364 | G22: =(PI()*G21^2)/(G17*10^-3) -> 73.790523 | H22: =(PI()*H21^2)/(H17*10^-3) -> 62.610395 | M22: zR(µm) | N22: =(PI()*N21^2)/(N17*10^-3) -> 82.423174 | O22: =(PI()*O21^2)/(O17*10^-3) -> 74.635717 | P22: =(PI()*P21^2)/(P17*10^-3) -> 87.833944 | Q22: =(PI()*Q21^2)/(Q17*10^-3) -> 70.30801
D23: FOV(µm) | E23: =2*E22 -> 153.86819 | F23: =2*F22 -> 175.50273 | G23: =2*G22 -> 147.58105 | H23: =2*H22 -> 125.22079 | M23: FOV(µm) | N23: =2*N22 -> 164.84635 | O23: =2*O22 -> 149.27143 | P23: =2*P22 -> 175.66789 | Q23: =2*Q22 -> 140.61602
D24: Raxial(µm) | E24: =2*E21 -> 6.2985705 | F24: =2*F21 -> 7.3840037 | G24: =2*G21 -> 7.2600027 | H24: =2*H21 -> 7.1427963 | M24: Raxial(µm) | N24: =2*N21 -> 6.5193941 | O24: =2*O21 -> 6.8098622 | P24: =2*P21 -> 7.9207751 | Q24: =2*Q21 -> 7.5691559
D25: NA | E25: =(1.33*E17*10^-3)/(PI()*E21) -> 0.054443344 | F25: =(1.33*F17*10^-3)/(PI()*F21) -> 0.055957677 | G25: =(1.33*G17*10^-3)/(PI()*G21) -> 0.065427125 | H25: =(1.33*H17*10^-3)/(PI()*H21) -> 0.075865351 | M25: NA | N25: =(1.33*N17*10^-3)/(PI()*N21) -> 0.05259925 | O25: =(1.33*O17*10^-3)/(PI()*O21) -> 0.060675486 | P25: =(1.33*P17*10^-3)/(PI()*P21) -> 0.059969019 | Q25: =(1.33*Q17*10^-3)/(PI()*Q21) -> 0.071591966

Sheet Bottom
E3: Camera 1 with filter | N3: Camera 2 with filter
E4: Schweppes | F4: Fluorescein | G4: Rhodomine | H4: Nile Blue | N4: Schweppes | O4: Fluorescein | P4: Rhodomine | Q4: Nile Blue
D5: λ(nm) | E5: 405 | F5: 488 | G5: 561 | H5: 640 | M5: λ(nm) | N5: 405 | O5: 488 | P5: 561 | Q5: 640
D6: Angle Tilt | E6: 0.361 | F6: 0.654 | G6: 0.192 | H6: 0.343 | M6: Angle Tilt | N6: -0.142 | O6: 0.237 | P6: -0.271 | Q6: -0.063
D7: Focus | E7: 938 | F7: 915 | G7: 761 | H7: 861 | M7: Focus | N7: 1050 | O7: 1093 | P7: 927 | Q7: 1033
D8: FWHM(µm) | E8: 4.723 | F8: 4.331 | G8: 4.453 | H8: 4.365 | M8: FWHM(µm) | N8: 4.433 | O8: 3.964 | P8: 4.801 | Q8: 4.429
D9: w0(µm) | E9: =E8/(SQRT(2*LN(2))) -> 4.0113469 | F9: =F8/(SQRT(2*LN(2))) -> 3.6784127 | G9: =G8/(SQRT(2*LN(2))) -> 3.78203 | H9: =H8/(SQRT(2*LN(2))) -> 3.7072897 | M9: w0(µm) | N9: =N8/(SQRT(2*LN(2))) -> 3.7650435 | O9: =O8/(SQRT(2*LN(2))) -> 3.3667116 | P9: =P8/(SQRT(2*LN(2))) -> 4.077594 | Q9: =H8/(SQRT(2*LN(2))) -> 3.7072897
D10: zR(µm) | E10: =(PI()*E9^2)/(E5*10^-3) -> 124.81744 | F10: =(PI()*F9^2)/(F5*10^-3) -> 87.10658 | G10: =(PI()*G9^2)/(G5*10^-3) -> 80.100817 | H10: =(PI()*H9^2)/(H5*10^-3) -> 67.465686 | M10: zR(µm) | N10: =(PI()*N9^2)/(N5*10^-3) -> 109.96003 | O10: =(PI()*O9^2)/(O5*10^-3) -> 72.969587 | P10: =(PI()*P9^2)/(P5*10^-3) -> 93.109708 | Q10: =(PI()*Q9^2)/(Q5*10^-3) -> 67.465686
D11: FOV(µm) | E11: =2*E10 -> 249.63489 | F11: =2*F10 -> 174.21316 | G11: =2*G10 -> 160.20163 | H11: =2*H10 -> 134.93137 | M11: FOV(µm) | N11: =2*N10 -> 219.92006 | O11: =2*O10 -> 145.93917 | P11: =2*P10 -> 186.21942 | Q11: =2*Q10 -> 134.93137
D12: Raxial(µm) | E12: =2*E9 -> 8.0226937 | F12: =2*F9 -> 7.3568254 | G12: =2*G9 -> 7.56406 | H12: =2*H9 -> 7.4145793 | M12: Raxial(µm) | N12: =2*N9 -> 7.5300871 | O12: =2*O9 -> 6.7334232 | P12: =2*P9 -> 8.1551879 | Q12: =2*Q9 -> 7.4145793
D13: NA | E13: =(1.33*E5*10^-3)/(PI()*E9) -> 0.042743155 | F13: =(1.33*F5*10^-3)/(PI()*F9) -> 0.056164401 | G13: =(1.33*G5*10^-3)/(PI()*G9) -> 0.062797111 | H13: =(1.33*H5*10^-3)/(PI()*H9) -> 0.07308449 | M13: NA | N13: =(1.33*N5*10^-3)/(PI()*N9) -> 0.045539346 | O13: =(1.33*O5*10^-3)/(PI()*O9) -> 0.061364284 | P13: =(1.33*P5*10^-3)/(PI()*P9) -> 0.058245269 | Q13: =(1.33*Q5*10^-3)/(PI()*Q9) -> 0.07308449
E15: Camera 1 without filter | N15: Camera 2 without filter
E16: Schweppes | F16: Fluorescein | G16: Rhodomine | H16: Nile Blue | N16: Schweppes | O16: Fluorescein | P16: Rhodomine | Q16: Nile Blue
D17: λ(nm) | E17: 405 | F17: 488 | G17: 561 | H17: 640 | M17: λ(nm) | N17: 405 | O17: 488 | P17: 561 | Q17: 640
D18: Angle Tilt | E18: 0.287 | F18: 0.672 | G18: 0.196 | H18: 0.344 | M18: Angle Tilt | N18: -0.134 | O18: 0.239 | P18: -0.217 | Q18: -0.06
D19: Focus | E19: 878 | F19: 908 | G19: 759 | H19: 863 | M19: Focus | N19: 1058 | O19: 1094 | P19: 921 | Q19: 1033
D20: FWHM(µm) | E20: 3.72 | F20: 4.704 | G20: 4.646 | H20: 4.558 | M20: FWHM(µm) | N20: 3.728 | O20: 4.237 | P20: 5.188 | Q20: 4.234
D21: w0(µm) | E21: =E20/(SQRT(2*LN(2))) -> 3.1594771 | F21: =F20/(SQRT(2*LN(2))) -> 3.9952097 | G21: =G20/(SQRT(2*LN(2))) -> 3.9459491 | H21: =H20/(SQRT(2*LN(2))) -> 3.8712088 | M21: w0(µm) | N21: =N20/(SQRT(2*LN(2))) -> 3.1662717 | O21: =O20/(SQRT(2*LN(2))) -> 3.5985765 | P21: =P20/(SQRT(2*LN(2))) -> 4.4062815 | Q21: =Q20/(SQRT(2*LN(2))) -> 3.5960285
D22: zR(µm) | E22: =(PI()*E21^2)/(E17*10^-3) -> 77.432855 | F22: =(PI()*F21^2)/(F17*10^-3) -> 102.75648 | G22: =(PI()*G21^2)/(G17*10^-3) -> 87.194675 | H22: =(PI()*H21^2)/(H17*10^-3) -> 73.563619 | M22: zR(µm) | N22: =(PI()*N21^2)/(N17*10^-3) -> 77.766258 | O22: =(PI()*O21^2)/(O17*10^-3) -> 83.366491 | P22: =(PI()*P21^2)/(P17*10^-3) -> 108.72552 | Q22: =(PI()*Q21^2)/(Q17*10^-3) -> 63.476964
D23: FOV(µm) | E23: =2*E22 -> 154.86571 | F23: =2*F22 -> 205.51296 | G23: =2*G22 -> 174.38935 | H23: =2*H22 -> 147.12724 | M23: FOV(µm) | N23: =2*N22 -> 155.53252 | O23: =2*O22 -> 166.73298 | P23: =2*P22 -> 217.45104 | Q23: =2*Q22 -> 126.95393
D24: Raxial(µm) | E24: =2*E21 -> 6.3189542 | F24: =2*F21 -> 7.9904195 | G24: =2*G21 -> 7.8918982 | H24: =2*H21 -> 7.7424175 | M24: Raxial(µm) | N24: =2*N21 -> 6.3325433 | O24: =2*O21 -> 7.1971529 | P24: =2*P21 -> 8.812563 | Q24: =2*Q21 -> 7.192057
D25: NA | E25: =(1.33*E17*10^-3)/(PI()*E21) -> 0.054267721 | F25: =(1.33*F17*10^-3)/(PI()*F21) -> 0.051710889 | G25: =(1.33*G17*10^-3)/(PI()*G21) -> 0.060188449 | H25: =(1.33*H17*10^-3)/(PI()*H21) -> 0.069989864 | M25: NA | N25: =(1.33*N17*10^-3)/(PI()*N21) -> 0.054151266 | O25: =(1.33*O17*10^-3)/(PI()*O21) -> 0.057410437 | P25: =(1.33*P17*10^-3)/(PI()*P21) -> 0.05390045 | Q25: =(1.33*Q17*10^-3)/(PI()*Q21) -> 0.075345725

Sheet Schweppes
D4: Camera 1 with filter | M4: Camera 2 with filter
D5: Top | E5: Middle | F5: Bottom | M5: Top | N5: Middle | O5: Bottom
C6: Angle Tilt | D6: =Top!E6 -> 0.098 | E6: =Middle!E6 -> 0.265 | F6: =Bottom!E6 -> 0.361 | L6: Angle Tilt | M6: =Top!N6 -> -0.177 | N6: =Middle!N6 -> -0.14 | O6: =Bottom!N6 -> -0.142
C7: Focus | D7: =Top!E7 -> 879 | E7: =Middle!E7 -> 945 | F7: =Bottom!E7 -> 938 | L7: Focus | M7: =Top!N7 -> 1052 | N7: =Middle!N7 -> 1096 | O7: =Bottom!N7 -> 1050
C8: FWHM(µm) | D8: =Top!E8 -> 5.674 | E8: =Middle!E8 -> 5.441 | F8: =Bottom!E8 -> 4.723 | L8: FWHM(µm) | M8: =Top!N8 -> 4.751 | N8: =Middle!N8 -> 5.358 | O8: =Bottom!N8 -> 4.433
C9: w0(µm) | D9: =Top!E9 -> 4.8190519 | E9: =Middle!E9 -> 4.6211599 | F9: =Bottom!E9 -> 4.0113469 | L9: w0(µm) | M9: =Top!N9 -> 4.0351279 | N9: =Middle!N9 -> 4.5506662 | O9: =Bottom!N9 -> 3.7650435
C10: zR(µm) | D10: =Top!E10 -> 180.14328 | E10: =Middle!E10 -> 165.65206 | F10: =Bottom!E10 -> 124.81744 | L10: zR(µm) | M10: =Top!N10 -> 126.30177 | N10: =Middle!N10 -> 160.63671 | O10: =Bottom!N10 -> 109.96003
C11: FOV(µm) | D11: =Top!E11 -> 360.28655 | E11: =Middle!E11 -> 331.30412 | F11: =Bottom!E11 -> 249.63489 | L11: FOV(µm) | M11: =Top!N11 -> 252.60355 | N11: =Middle!N11 -> 321.27343 | O11: =Bottom!N11 -> 219.92006
C12: Raxial(µm) | D12: =Top!E12 -> 9.6381038 | E12: =Middle!E12 -> 9.2423198 | F12: =Bottom!E12 -> 8.0226937 | L12: Raxial(µm) | M12: =Top!N12 -> 8.0702557 | N12: =Middle!N12 -> 9.1013324 | O12: =Bottom!N12 -> 7.5300871
C13: NA | D13: =Top!E13 -> 0.035579119 | E13: =Middle!E13 -> 0.037102724 | F13: =Bottom!E13 -> 0.042743155 | L13: NA | M13: =Top!N13 -> 0.042491248 | N13: =Middle!N13 -> 0.037677477 | O13: =Bottom!N13 -> 0.045539346
D18: Camera 1 without filter | M18: Camera 2 without filter
D19: Top | E19: Middle | F19: Bottom | M19: Top | N19: Middle | O19: Bottom
C20: Angle Tilt | D20: =Top!E18 -> 0.187 | E20: =Middle!E18 -> 0.274 | F20: =Bottom!E18 -> 0.287 | L20: Angle Tilt | M20: =Top!N18 -> -0.17 | N20: =Middle!N18 -> -0.132 | O20: =Bottom!N18 -> -0.134
C21: Focus | D21: =Top!E19 -> 883 | E21: =Middle!E19 -> 927 | F21: =Bottom!E19 -> 878 | L21: Focus | M21: =Top!N19 -> 1047 | N21: =Middle!N19 -> 1101 | O21: =Bottom!N19 -> 1058
C22: FWHM(µm) | D22: =Top!E20 -> 3.784 | E22: =Middle!E20 -> 3.708 | F22: =Bottom!E20 -> 3.72 | L22: FWHM(µm) | M22: =Top!N20 -> 3.65 | N22: =Middle!N20 -> 3.838 | O22: =Bottom!N20 -> 3.728
C23: w0(µm) | D23: =Top!E21 -> 3.2138337 | E23: =Middle!E21 -> 3.1492852 | F23: =Bottom!E21 -> 3.1594771 | L23: w0(µm) | M23: =Top!N21 -> 3.1000246 | N23: =Middle!N21 -> 3.2596971 | O23: =Bottom!N21 -> 3.1662717
C24: zR(µm) | D24: =Top!E22 -> 80.120131 | E24: =Middle!E22 -> 76.934094 | F24: =Bottom!E22 -> 77.432855 | L24: zR(µm) | M24: =Top!N22 -> 74.546133 | N24: =Middle!N22 -> 82.423174 | O24: =Bottom!N22 -> 77.766258
C25: FOV(µm) | D25: =Top!E23 -> 160.24026 | E25: =Middle!E23 -> 153.86819 | F25: =Bottom!E23 -> 154.86571 | L25: FOV(µm) | M25: =Top!N23 -> 149.09227 | N25: =Middle!N23 -> 164.84635 | O25: =Bottom!N23 -> 155.53252
C26: Raxial(µm) | D26: =Top!E24 -> 6.4276674 | E26: =Middle!E24 -> 6.2985705 | F26: =Bottom!E24 -> 6.3189542 | L26: Raxial(µm) | M26: =Top!N24 -> 6.2000491 | N26: =Middle!N24 -> 6.5193941 | O26: =Bottom!N24 -> 6.3325433
C27: NA | D27: =Top!E25 -> 0.053349873 | E27: =Middle!E25 -> 0.054443344 | F27: =Bottom!E25 -> 0.054267721 | L27: NA | M27: =Top!N25 -> 0.055308471 | N27: =Middle!N25 -> 0.05259925 | O27: =Bottom!N25 -> 0.054151266

Sheet Fluorescein
D4: Camera 1 with filter | M4: Camera 2 with filter
D5: Top | E5: Middle | F5: Bottom | M5: Top | N5: Middle | O5: Bottom
C6: Angle Tilt | D6: =Top!F6 -> 0.536 | E6: =Middle!F6 -> 0.626 | F6: =Bottom!F6 -> 0.654 | L6: Angle Tilt | M6: =Top!O6 -> 0.186 | N6: =Middle!O6 -> 0.233 | O6: =Bottom!O6 -> 0.237
C7: Focus | D7: =Top!F7 -> 921 | E7: =Middle!F7 -> 958 | F7: =Bottom!F7 -> 915 | L7: Focus | M7: =Top!O7 -> 1086 | N7: =Middle!O7 -> 1125 | O7: =Bottom!O7 -> 1093
C8: FWHM(µm) | D8: =Top!F8 -> 3.875 | E8: =Middle!F8 -> 4.006 | F8: =Bottom!F8 -> 4.331 | L8: FWHM(µm) | M8: =Top!O8 -> 3.805 | N8: =Middle!O8 -> 3.872 | O8: =Bottom!O8 -> 3.964
C9: w0(µm) | D9: =Top!F9 -> 3.291122 | E9: =Middle!F9 -> 3.4023831 | F9: =Bottom!F9 -> 3.6784127 | L9: w0(µm) | M9: =Top!O9 -> 3.2316695 | N9: =Middle!O9 -> 3.288574 | O9: =Bottom!O9 -> 3.3667116
C10: zR(µm) | D10: =Top!F10 -> 69.729734 | E10: =Middle!F10 -> 74.524056 | F10: =Bottom!F10 -> 87.10658 | L10: zR(µm) | M10: =Top!O10 -> 67.233221 | N10: =Middle!O10 -> 69.621807 | O10: =Bottom!O10 -> 72.969587
C11: FOV(µm) | D11: =Top!F11 -> 139.45947 | E11: =Middle!F11 -> 149.04811 | F11: =Bottom!F11 -> 174.21316 | L11: FOV(µm) | M11: =Top!O11 -> 134.46644 | N11: =Middle!O11 -> 139.24361 | O11: =Bottom!O11 -> 145.93917
C12: Raxial(µm) | D12: =Top!F12 -> 6.582244 | E12: =Middle!F12 -> 6.8047663 | F12: =Bottom!F12 -> 7.3568254 | L12: Raxial(µm) | M12: =Top!O12 -> 6.4633389 | N12: =Middle!O12 -> 6.577148 | O12: =Bottom!O12 -> 6.7334232
C13: NA | D13: =Top!F13 -> 0.062773683 | E13: =Middle!F13 -> 0.060720924 | F13: =Bottom!F13 -> 0.056164401 | L13: NA | M13: =Top!O13 -> 0.063928521 | N13: =Middle!O13 -> 0.06282232 | O13: =Bottom!O13 -> 0.061364284
D18: Camera 1 without filter | M18: Camera 2 without filter
D19: Top | E19: Middle | F19: Bottom | M19: Top | N19: Middle | O19: Bottom
C20: Angle Tilt | D20: =Top!F18 -> 0.551 | E20: =Middle!F18 -> 0.627 | F20: =Bottom!F18 -> 0.672 | L20: Angle Tilt | M20: =Top!O18 -> 0.186 | N20: =Middle!O18 -> 0.229 | O20: =Bottom!O18 -> 0.239
C21: Focus | D21: =Top!F19 -> 929 | E21: =Middle!F19 -> 971 | F21: =Bottom!F19 -> 908 | L21: Focus | M21: =Top!O19 -> 1101 | N21: =Middle!O19 -> 1140 | O21: =Bottom!O19 -> 1094
C22: FWHM(µm) | D22: =Top!F20 -> 4.246 | E22: =Middle!F20 -> 4.347 | F22: =Bottom!F20 -> 4.704 | L22: FWHM(µm) | M22: =Top!O20 -> 4.11 | N22: =Middle!O20 -> 4.009 | O22: =Bottom!O20 -> 4.237
C23: w0(µm) | D23: =Top!F21 -> 3.6062204 | E23: =Middle!F21 -> 3.6920019 | F23: =Bottom!F21 -> 3.9952097 | L23: w0(µm) | M23: =Top!O21 -> 3.4907126 | N23: =Middle!O21 -> 3.4049311 | O23: =Bottom!O21 -> 3.5985765
C24: zR(µm) | D24: =Top!F22 -> 83.721032 | E24: =Middle!F22 -> 87.751364 | F24: =Bottom!F22 -> 102.75648 | L24: zR(µm) | M24: =Top!O22 -> 78.44373 | N24: =Middle!O22 -> 74.635717 | O24: =Bottom!O22 -> 83.366491
C25: FOV(µm) | D25: =Top!F23 -> 167.44206 | E25: =Middle!F23 -> 175.50273 | F25: =Bottom!F23 -> 205.51296 | L25: FOV(µm) | M25: =Top!O23 -> 156.88746 | N25: =Middle!O23 -> 149.27143 | O25: =Bottom!O23 -> 166.73298
C26: Raxial(µm) | D26: =Top!F24 -> 7.2124407 | E26: =Middle!F24 -> 7.3840037 | F26: =Bottom!F24 -> 7.9904195 | L26: Raxial(µm) | M26: =Top!O24 -> 6.9814252 | N26: =Middle!O24 -> 6.8098622 | O26: =Bottom!O24 -> 7.1971529
C27: NA | D27: =Top!F25 -> 0.057288748 | E27: =Middle!F25 -> 0.055957677 | F27: =Bottom!F25 -> 0.051710889 | L27: NA | M27: =Top!O25 -> 0.059184434 | N27: =Middle!O25 -> 0.060675486 | O27: =Bottom!O25 -> 0.057410437

Sheet Rhodomine
D4: Camera 1 with filter | M4: Camera 2 with filter
D5: Top | E5: Middle | F5: Bottom | M5: Top | N5: Middle | O5: Bottom
C6: Angle Tilt | D6: =Top!G6 -> 0.056 | E6: =Middle!G6 -> 0.158 | F6: =Bottom!G6 -> 0.192 | L6: Angle Tilt | M6: =Top!P6 -> -0.294 | N6: =Middle!P6 -> -0.23 | O6: =Bottom!P6 -> -0.271
C7: Focus | D7: =Top!G7 -> 765 | E7: =Middle!G7 -> 788 | F7: =Bottom!G7 -> 761 | L7: Focus | M7: =Top!P7 -> 925 | N7: =Middle!P7 -> 960 | O7: =Bottom!P7 -> 927
C8: FWHM(µm) | D8: =Top!G8 -> 4.378 | E8: =Middle!G8 -> 4.254 | F8: =Bottom!G8 -> 4.453 | L8: FWHM(µm) | M8: =Top!P8 -> 4.473 | N8: =Middle!P8 -> 4.45 | O8: =Bottom!P8 -> 4.801
C9: w0(µm) | D9: =Top!G9 -> 3.7183308 | E9: =Middle!G9 -> 3.6130149 | F9: =Bottom!G9 -> 3.78203 | L9: w0(µm) | M9: =Top!P9 -> 3.7990164 | N9: =Middle!P9 -> 3.779482 | O9: =Bottom!P9 -> 4.077594
C10: zR(µm) | D10: =Top!G10 -> 77.425331 | E10: =Middle!G10 -> 73.10154 | F10: =Bottom!G10 -> 80.100817 | L10: zR(µm) | M10: =Top!P10 -> 80.821955 | N10: =Middle!P10 -> 79.992925 | O10: =Bottom!P10 -> 93.109708
C11: FOV(µm) | D11: =Top!G11 -> 154.85066 | E11: =Middle!G11 -> 146.20308 | F11: =Bottom!G11 -> 160.20163 | L11: FOV(µm) | M11: =Top!P11 -> 161.64391 | N11: =Middle!P11 -> 159.98585 | O11: =Bottom!P11 -> 186.21942
C12: Raxial(µm) | D12: =Top!G12 -> 7.4366617 | E12: =Middle!G12 -> 7.2260299 | F12: =Bottom!G12 -> 7.56406 | L12: Raxial(µm) | M12: =Top!P12 -> 7.5980328 | N12: =Middle!P12 -> 7.558964 | O12: =Bottom!P12 -> 8.1551879
C13: NA | D13: =Top!G13 -> 0.063872895 | E13: =Middle!G13 -> 0.065734728 | F13: =Bottom!G13 -> 0.062797111 | L13: NA | M13: =Top!P13 -> 0.062516328 | N13: =Middle!P13 -> 0.062839446 | O13: =Bottom!P13 -> 0.058245269
D18: Camera 1 without filter | M18: Camera 2 without filter
D19: Top | E19: Middle | F19: Bottom | M19: Top | N19: Middle | O19: Bottom
C20: Angle Tilt | D20: =Top!G18 -> 0.047 | E20: =Middle!G18 -> 0.096 | F20: =Bottom!G18 -> 0.196 | L20: Angle Tilt | M20: =Top!P18 -> -0.312 | N20: =Middle!P18 -> -0.252 | O20: =Bottom!P18 -> -0.217
C21: Focus | D21: =Top!G19 -> 768 | E21: =Middle!G19 -> 779 | F21: =Bottom!G19 -> 759 | L21: Focus | M21: =Top!P19 -> 944 | N21: =Middle!P19 -> 980 | O21: =Bottom!P19 -> 921
C22: FWHM(µm) | D22: =Top!G20 -> 4.148 | E22: =Middle!G20 -> 4.274 | F22: =Bottom!G20 -> 4.646 | L22: FWHM(µm) | M22: =Top!P20 -> 4.616 | N22: =Middle!P20 -> 4.663 | O22: =Bottom!P20 -> 5.188
C23: w0(µm) | D23: =Top!G21 -> 3.5229868 | E23: =Middle!G21 -> 3.6300014 | F23: =Bottom!G21 -> 3.9459491 | L23: w0(µm) | M23: =Top!P21 -> 3.9204694 | N23: =Middle!P21 -> 3.9603876 | O23: =Bottom!P21 -> 4.4062815
C24: zR(µm) | D24: =Top!G22 -> 69.50388 | E24: =Middle!G22 -> 73.790523 | F24: =Bottom!G22 -> 87.194675 | L24: zR(µm) | M24: =Top!P22 -> 86.07225 | N24: =Middle!P22 -> 87.833944 | O24: =Bottom!P22 -> 108.72552
C25: FOV(µm) | D25: =Top!G23 -> 139.00776 | E25: =Middle!G23 -> 147.58105 | F25: =Bottom!G23 -> 174.38935 | L25: FOV(µm) | M25: =Top!P23 -> 172.1445 | N25: =Middle!P23 -> 175.66789 | O25: =Bottom!P23 -> 217.45104
C26: Raxial(µm) | D26: =Top!G24 -> 7.0459737 | E26: =Middle!G24 -> 7.2600027 | F26: =Bottom!G24 -> 7.8918982 | L26: Raxial(µm) | M26: =Top!P24 -> 7.8409389 | N26: =Middle!P24 -> 7.9207751 | O26: =Bottom!P24 -> 8.812563
C27: NA | D27: =Top!G25 -> 0.067414545 | E27: =Middle!G25 -> 0.065427125 | F27: =Bottom!G25 -> 0.060188449 | L27: NA | M27: =Top!P25 -> 0.060579622 | N27: =Middle!P25 -> 0.059969019 | O27: =Bottom!P25 -> 0.05390045

Sheet Nile Blue
D4: Camera 1 with filter | M4: Camera 2 with filter
D5: Top | E5: Middle | F5: Bottom | M5: Top | N5: Middle | O5: Bottom
C6: Angle Tilt | D6: =Top!H6 -> 0.198 | E6: =Middle!H6 -> 0.316 | F6: =Bottom!H6 -> 0.343 | L6: Angle Tilt | M6: =Top!Q6 -> -0.157 | N6: =Middle!Q6 -> -0.071 | O6: =Bottom!Q6 -> -0.063
C7: Focus | D7: =Top!H7 -> 866 | E7: =Middle!H7 -> 884 | F7: =Bottom!H7 -> 861 | L7: Focus | M7: =Top!Q7 -> 1030 | N7: =Middle!Q7 -> 1053 | O7: =Bottom!Q7 -> 1033
C8: FWHM(µm) | D8: =Top!H8 -> 4.246 | E8: =Middle!H8 -> 4.152 | F8: =Bottom!H8 -> 4.365 | L8: FWHM(µm) | M8: =Top!Q8 -> 4.607 | N8: =Middle!Q8 -> 4.822 | O8: =Bottom!Q8 -> 4.429
C9: w0(µm) | D9: =Top!H9 -> 3.6062204 | E9: =Middle!H9 -> 3.5263841 | F9: =Bottom!H9 -> 3.7072897 | L9: w0(µm) | M9: =Top!Q9 -> 3.9128255 | N9: =Middle!Q9 -> 4.0954297 | O9: =Bottom!Q9 -> 3.7072897
C10: zR(µm) | D10: =Top!H10 -> 63.837287 | E10: =Middle!H10 -> 61.042053 | F10: =Bottom!H10 -> 67.465686 | L10: zR(µm) | M10: =Top!Q10 -> 75.153786 | N10: =Middle!Q10 -> 82.332036 | O10: =Bottom!Q10 -> 67.465686
C11: FOV(µm) | D11: =Top!H11 -> 127.67457 | E11: =Middle!H11 -> 122.08411 | F11: =Bottom!H11 -> 134.93137 | L11: FOV(µm) | M11: =Top!Q11 -> 150.30757 | N11: =Middle!Q11 -> 164.66407 | O11: =Bottom!Q11 -> 134.93137
C12: Raxial(µm) | D12: =Top!H12 -> 7.2124407 | E12: =Middle!H12 -> 7.0527682 | F12: =Bottom!H12 -> 7.4145793 | L12: Raxial(µm) | M12: =Top!Q12 -> 7.8256511 | N12: =Middle!Q12 -> 8.1908594 | O12: =Bottom!Q12 -> 7.4145793
C13: NA | D13: =Top!H13 -> 0.075132784 | E13: =Middle!H13 -> 0.076833767 | F13: =Bottom!H13 -> 0.07308449 | L13: NA | M13: =Top!Q13 -> 0.069245453 | N13: =Middle!Q13 -> 0.066157984 | O13: =Bottom!Q13 -> 0.07308449
D18: Camera 1 without filter | M18: Camera 2 without filter
D19: Top | E19: Middle | F19: Bottom | M19: Top | N19: Middle | O19: Bottom
C20: Angle Tilt | D20: =Top!H18 -> 0.2 | E20: =Middle!H18 -> 0.299 | F20: =Bottom!H18 -> 0.344 | L20: Angle Tilt | M20: =Top!Q18 -> -0.154 | N20: =Middle!Q18 -> -0.084 | O20: =Bottom!Q18 -> -0.06
C21: Focus | D21: =Top!H19 -> 865 | E21: =Middle!H19 -> 887 | F21: =Bottom!H19 -> 863 | L21: Focus | M21: =Top!Q19 -> 1027 | N21: =Middle!Q19 -> 1055 | O21: =Bottom!Q19 -> 1033
C22: FWHM(µm) | D22: =Top!H20 -> 4.276 | E22: =Middle!H20 -> 4.205 | F22: =Bottom!H20 -> 4.558 | L22: FWHM(µm) | M22: =Top!Q20 -> 4.352 | N22: =Middle!Q20 -> 4.456 | O22: =Bottom!Q20 -> 4.234
C23: w0(µm) | D23: =Top!H21 -> 3.6317 | E23: =Middle!H21 -> 3.5713982 | F23: =Bottom!H21 -> 3.8712088 | L23: w0(µm) | M23: =Top!Q21 -> 3.6962485 | N23: =Middle!Q21 -> 3.7845779 | O23: =Bottom!Q21 -> 3.5960285
C24: zR(µm) | D24: =Top!H22 -> 64.742555 | E24: =Middle!H22 -> 62.610395 | F24: =Bottom!H22 -> 73.563619 | L24: zR(µm) | M24: =Top!Q22 -> 67.064427 | N24: =Middle!Q22 -> 70.30801 | O24: =Bottom!Q22 -> 63.476964
C25: FOV(µm) | D25: =Top!H23 -> 129.48511 | E25: =Middle!H23 -> 125.22079 | F25: =Bottom!H23 -> 147.12724 | L25: FOV(µm) | M25: =Top!Q23 -> 134.12885 | N25: =Middle!Q23 -> 140.61602 | O25: =Bottom!Q23 -> 126.95393
C26: Raxial(µm) | D26: =Top!H24 -> 7.2634 | E26: =Middle!H24 -> 7.1427963 | F26: =Bottom!H24 -> 7.7424175 | L26: Raxial(µm) | M26: =Top!Q24 -> 7.3924969 | N26: =Middle!Q24 -> 7.5691559 | O26: =Bottom!Q24 -> 7.192057
C27: NA | D27: =Top!H25 -> 0.07460566 | E27: =Middle!H25 -> 0.075865351 | F27: =Bottom!H25 -> 0.069989864 | L27: NA | M27: =Top!Q25 -> 0.073302803 | N27: =Middle!Q25 -> 0.071591966 | O27: =Bottom!Q25 -> 0.075345725

Sheet FWHM
D4: Camera 1 with filter | N4: Camera 2 with filter
D5: Schweppes | E5: Fluorescein | F5: Rhodomine | G5: Nile Blue | N5: Schweppes | O5: Fluorescein | P5: Rhodomine | Q5: Nile Blue
C6: Top | D6: =Top!E8 -> 5.674 | E6: =Top!F8 -> 3.875 | F6: =Top!G8 -> 4.378 | G6: =Top!H8 -> 4.246 | M6: Top | N6: =Top!N8 -> 4.751 | O6: =Top!O8 -> 3.805 | P6: =Top!P8 -> 4.473 | Q6: =Top!Q8 -> 4.607
C7: Middle | D7: =Middle!E8 -> 5.441 | E7: =Middle!F8 -> 4.006 | F7: =Middle!G8 -> 4.254 | G7: =Middle!H8 -> 4.152 | M7: Middle | N7: =Middle!N8 -> 5.358 | O7: =Middle!O8 -> 3.872 | P7: =Middle!P8 -> 4.45 | Q7: =Middle!Q8 -> 4.822
C8: Bottom | D8: =Bottom!E8 -> 4.723 | E8: =Bottom!F8 -> 4.331 | F8: =Bottom!G8 -> 4.453 | G8: =Bottom!H8 -> 4.365 | M8: Bottom | N8: =Bottom!N8 -> 4.433 | O8: =Bottom!O8 -> 3.964 | P8: =Bottom!P8 -> 4.801 | Q8: =Bottom!Q8 -> 4.429
D13: Camera 1 without filter | N13: Camera 2 without filter
D14: Schweppes | E14: Fluorescein | F14: Rhodomine | G14: Nile Blue | N14: Schweppes | O14: Fluorescein | P14: Rhodomine | Q14: Nile Blue
C15: Top | D15: =Top!E20 -> 3.784 | E15: =Top!F20 -> 4.246 | F15: =Top!G20 -> 4.148 | G15: =Top!H20 -> 4.276 | M15: Top | N15: =Top!N20 -> 3.65 | O15: =Top!O20 -> 4.11 | P15: =Top!P20 -> 4.616 | Q15: =Top!Q20 -> 4.352
C16: Middle | D16: =Middle!E20 -> 3.708 | E16: =Middle!F20 -> 4.347 | F16: =Middle!G20 -> 4.274 | G16: =Middle!H20 -> 4.205 | M16: Middle | N16: =Middle!N20 -> 3.838 | O16: =Middle!O20 -> 4.009 | P16: =Middle!P20 -> 4.663 | Q16: =Middle!Q20 -> 4.456
C17: Bottom | D17: =Bottom!E20 -> 3.72 | E17: =Bottom!F20 -> 4.704 | F17: =Bottom!G20 -> 4.646 | G17: =Bottom!H20 -> 4.558 | M17: Bottom | N17: =Bottom!N20 -> 3.728 | O17: =Bottom!O20 -> 4.237 | P17: =Bottom!P20 -> 5.188 | Q17: =Bottom!Q20 -> 4.234

Sheet FOV
D4: Camera 1 with filter | N4: Camera 2 with filter
D5: Schweppes | E5: Fluorescein | F5: Rhodomine | G5: Nile Blue | N5: Schweppes | O5: Fluorescein | P5: Rhodomine | Q5: Nile Blue
C6: Top | D6: =Top!E11 -> 360.28655 | E6: =Top!F11 -> 139.45947 | F6: =Top!G11 -> 154.85066 | G6: =Top!H11 -> 127.67457 | M6: Top | N6: =Top!N11 -> 252.60355 | O6: =Top!O11 -> 134.46644 | P6: =Top!P11 -> 161.64391 | Q6: =Top!Q11 -> 150.30757
C7: Middle | D7: =Middle!E11 -> 331.30412 | E7: =Middle!F11 -> 149.04811 | F7: =Middle!G11 -> 146.20308 | G7: =Middle!H11 -> 122.08411 | M7: Middle | N7: =Middle!N11 -> 321.27343 | O7: =Middle!O11 -> 139.24361 | P7: =Middle!P11 -> 159.98585 | Q7: =Middle!Q11 -> 164.66407
C8: Bottom | D8: =Bottom!E11 -> 249.63489 | E8: =Bottom!F11 -> 174.21316 | F8: =Bottom!G11 -> 160.20163 | G8: =Bottom!H11 -> 134.93137 | M8: Bottom | N8: =Bottom!N11 -> 219.92006 | O8: =Bottom!O11 -> 145.93917 | P8: =Bottom!P11 -> 186.21942 | Q8: =Bottom!Q11 -> 134.93137
D13: Camera 1 without filter | N13: Camera 2 without filter
D14: Schweppes | E14: Fluorescein | F14: Rhodomine | G14: Nile Blue | N14: Schweppes | O14: Fluorescein | P14: Rhodomine | Q14: Nile Blue
C15: Top | D15: =Top!E23 -> 160.24026 | E15: =Top!F23 -> 167.44206 | F15: =Top!G23 -> 139.00776 | G15: =Top!H23 -> 129.48511 | M15: Top | N15: =Top!N23 -> 149.09227 | O15: =Top!O23 -> 156.88746 | P15: =Top!P23 -> 172.1445 | Q15: =Top!Q23 -> 134.12885
C16: Middle | D16: =Middle!E23 -> 153.86819 | E16: =Middle!F23 -> 175.50273 | F16: =Middle!G23 -> 147.58105 | G16: =Middle!H23 -> 125.22079 | M16: Middle | N16: =Middle!N23 -> 164.84635 | O16: =Middle!O23 -> 149.27143 | P16: =Middle!P23 -> 175.66789 | Q16: =Middle!Q23 -> 140.61602
C17: Bottom | D17: =Bottom!E23 -> 154.86571 | E17: =Bottom!F23 -> 205.51296 | F17: =Bottom!G23 -> 174.38935 | G17: =Bottom!H23 -> 147.12724 | M17: Bottom | N17: =Bottom!N23 -> 155.53252 | O17: =Bottom!O23 -> 166.73298 | P17: =Bottom!P23 -> 217.45104 | Q17: =Bottom!Q23 -> 126.95393

Sheet Raxial
D4: Camera 1 with filter | N4: Camera 2 with filter
D5: Schweppes | E5: Fluorescein | F5: Rhodomine | G5: Nile Blue | N5: Schweppes | O5: Fluorescein | P5: Rhodomine | Q5: Nile Blue
C6: Top | D6: =Top!E12 -> 9.6381038 | E6: =Top!F12 -> 6.582244 | F6: =Top!G12 -> 7.4366617 | G6: =Top!H12 -> 7.2124407 | M6: Top | N6: =Top!N12 -> 8.0702557 | O6: =Top!O12 -> 6.4633389 | P6: =Top!P12 -> 7.5980328 | Q6: =Top!Q12 -> 7.8256511
C7: Middle | D7: =Middle!E12 -> 9.2423198 | E7: =Middle!F12 -> 6.8047663 | F7: =Middle!G12 -> 7.2260299 | G7: =Middle!H12 -> 7.0527682 | M7: Middle | N7: =Middle!N12 -> 9.1013324 | O7: =Middle!O12 -> 6.577148 | P7: =Middle!P12 -> 7.558964 | Q7: =Middle!Q12 -> 8.1908594
C8: Bottom | D8: =Bottom!E12 -> 8.0226937 | E8: =Bottom!F12 -> 7.3568254 | F8: =Bottom!G12 -> 7.56406 | G8: =Bottom!H12 -> 7.4145793 | M8: Bottom | N8: =Bottom!N12 -> 7.5300871 | O8: =Bottom!O12 -> 6.7334232 | P8: =Bottom!P12 -> 8.1551879 | Q8: =Bottom!Q12 -> 7.4145793
D13: Camera 1 without filter | N13: Camera 2 without filter
D14: Schweppes | E14: Fluorescein | F14: Rhodomine | G14: Nile Blue | N14: Schweppes | O14: Fluorescein | P14: Rhodomine | Q14: Nile Blue
C15: Top | D15: =Top!E24 -> 6.4276674 | E15: =Top!F24 -> 7.2124407 | F15: =Top!G24 -> 7.0459737 | G15: =Top!H24 -> 7.2634 | M15: Top | N15: =Top!N24 -> 6.2000491 | O15: =Top!O24 -> 6.9814252 | P15: =Top!P24 -> 7.8409389 | Q15: =Top!Q24 -> 7.3924969
C16: Middle | D16: =Middle!E24 -> 6.2985705 | E16: =Middle!F24 -> 7.3840037 | F16: =Middle!G24 -> 7.2600027 | G16: =Middle!H24 -> 7.1427963 | M16: Middle | N16: =Middle!N24 -> 6.5193941 | O16: =Middle!O24 -> 6.8098622 | P16: =Middle!P24 -> 7.9207751 | Q16: =Middle!Q24 -> 7.5691559
C17: Bottom | D17: =Bottom!E24 -> 6.3189542 | E17: =Bottom!F24 -> 7.9904195 | F17: =Bottom!G24 -> 7.8918982 | G17: =Bottom!H24 -> 7.7424175 | M17: Bottom | N17: =Bottom!N24 -> 6.3325433 | O17: =Bottom!O24 -> 7.1971529 | P17: =Bottom!P24 -> 8.812563 | Q17: =Bottom!Q24 -> 7.192057

Sheet Angle Tilt
D4: Camera 1 with filter | N4: Camera 2 with filter
D5: Schweppes | E5: Fluorescein | F5: Rhodomine | G5: Nile Blue | N5: Schweppes | O5: Fluorescein | P5: Rhodomine | Q5: Nile Blue
C6: Top | D6: =Top!E6 -> 0.098 | E6: =Top!F6 -> 0.536 | F6: =Top!G6 -> 0.056 | G6: =Top!H6 -> 0.198 | M6: Top | N6: =Top!N6 -> -0.177 | O6: =Top!O6 -> 0.186 | P6: =Top!P6 -> -0.294 | Q6: =Top!Q6 -> -0.157
C7: Middle | D7: =Middle!E6 -> 0.265 | E7: =Middle!F6 -> 0.626 | F7: =Middle!G6 -> 0.158 | G7: =Middle!H6 -> 0.316 | M7: Middle | N7: =Middle!N6 -> -0.14 | O7: =Middle!O6 -> 0.233 | P7: =Middle!P6 -> -0.23 | Q7: =Middle!Q6 -> -0.071
C8: Bottom | D8: =Bottom!E6 -> 0.361 | E8: =Bottom!F6 -> 0.654 | F8: =Bottom!G6 -> 0.192 | G8: =Bottom!H6 -> 0.343 | M8: Bottom | N8: =Bottom!N6 -> -0.142 | O8: =Bottom!O6 -> 0.237 | P8: =Bottom!P6 -> -0.271 | Q8: =Bottom!Q6 -> -0.063
C9: Mean | D9: =AVERAGE(D6:D8) -> 0.24133333 | E9: =AVERAGE(E6:E8) -> 0.60533333 | F9: =AVERAGE(F6:F8) -> 0.13533333 | G9: =AVERAGE(G6:G8) -> 0.28566667 | M9: Mean | N9: =AVERAGE(N6:N8) -> -0.153 | O9: =AVERAGE(O6:O8) -> 0.21866667 | P9: =AVERAGE(P6:P8) -> -0.265 | Q9: =AVERAGE(Q6:Q8) -> -0.097
C10: SD | D10: =_xlfn.STDEV.S(D6:D8) -> 0.13308769 | E10: =_xlfn.STDEV.S(E6:E8) -> 0.061654954 | F10: =_xlfn.STDEV.S(F6:F8) -> 0.070776644 | G10: =_xlfn.STDEV.S(G6:G8) -> 0.077112472 | M10: SD | N10: =_xlfn.STDEV.S(N6:N8) -> 0.020808652 | O10: =_xlfn.STDEV.S(O6:O8) -> 0.028360771 | P10: =_xlfn.STDEV.S(P6:P8) -> 0.03241913 | Q10: =_xlfn.STDEV.S(Q6:Q8) -> 0.052115257
D13: Camera 1 without filter | N13: Camera 2 without filter
D14: Schweppes | E14: Fluorescein | F14: Rhodomine | G14: Nile Blue | N14: Schweppes | O14: Fluorescein | P14: Rhodomine | Q14: Nile Blue
C15: Top | D15: =Top!E18 -> 0.187 | E15: =Top!F18 -> 0.551 | F15: =Top!G18 -> 0.047 | G15: =Top!H18 -> 0.2 | M15: Top | N15: =Top!N18 -> -0.17 | O15: =Top!O18 -> 0.186 | P15: =Top!P18 -> -0.312 | Q15: =Top!Q18 -> -0.154
C16: Middle | D16: =Middle!E18 -> 0.274 | E16: =Middle!F18 -> 0.627 | F16: =Middle!G18 -> 0.096 | G16: =Middle!H18 -> 0.299 | M16: Middle | N16: =Middle!N18 -> -0.132 | O16: =Middle!O18 -> 0.229 | P16: =Middle!P18 -> -0.252 | Q16: =Middle!Q18 -> -0.084
C17: Bottom | D17: =Bottom!E18 -> 0.287 | E17: =Bottom!F18 -> 0.672 | F17: =Bottom!G18 -> 0.196 | G17: =Bottom!H18 -> 0.344 | M17: Bottom | N17: =Bottom!N18 -> -0.134 | O17: =Bottom!O18 -> 0.239 | P17: =Bottom!P18 -> -0.217 | Q17: =Bottom!Q18 -> -0.06
C18: Mean | D18: =AVERAGE(D15:D17) -> 0.24933333 | E18: =AVERAGE(E15:E17) -> 0.61666667 | F18: =AVERAGE(F15:F17) -> 0.113 | G18: =AVERAGE(G15:G17) -> 0.281 | M18: Mean | N18: =AVERAGE(N15:N17) -> -0.14533333 | O18: =AVERAGE(O15:O17) -> 0.218 | P18: =AVERAGE(P15:P17) -> -0.26033333 | Q18: =AVERAGE(Q15:Q17) -> -0.099333333
C19: SD | D19: =_xlfn.STDEV.S(D15:D17) -> 0.054372174 | E19: =_xlfn.STDEV.S(E15:E17) -> 0.061158265 | F19: =_xlfn.STDEV.S(F15:F17) -> 0.075940766 | G19: =_xlfn.STDEV.S(G15:G17) -> 0.073668175 | M19: SD | N19: =_xlfn.STDEV.S(N15:N17) -> 0.021385353 | O19: =_xlfn.STDEV.S(O15:O17) -> 0.028160256 | P19: =_xlfn.STDEV.S(P15:P17) -> 0.048045118 | Q19: =_xlfn.STDEV.S(Q15:Q17) -> 0.048839874

Sheet Focus
D4: Camera 1 with filter | N4: Camera 2 with filter
D5: Schweppes | E5: Fluorescein | F5: Rhodomine | G5: Nile Blue | J5: 0.8 | N5: Schweppes | O5: Fluorescein | P5: Rhodomine | Q5: Nile Blue
C6: Top | D6: =Top!E7 -> 879 | E6: =Top!F7 -> 921 | F6: =Top!G7 -> 765 | G6: =Top!H7 -> 866 | J6: 1 | L6: 2950 | M6: Top | N6: =Top!N7 -> 1052 | O6: =Top!O7 -> 1086 | P6: =Top!P7 -> 925 | Q6: =Top!Q7 -> 1030
C7: Middle | D7: =Middle!E7 -> 945 | E7: =Middle!F7 -> 958 | F7: =Middle!G7 -> 788 | G7: =Middle!H7 -> 884 | J7: 1.2 | L7: 0 | M7: Middle | N7: =Middle!N7 -> 1096 | O7: =Middle!O7 -> 1125 | P7: =Middle!P7 -> 960 | Q7: =Middle!Q7 -> 1053
C8: Bottom | D8: =Bottom!E7 -> 938 | E8: =Bottom!F7 -> 915 | F8: =Bottom!G7 -> 761 | G8: =Bottom!H7 -> 861 | J8: 1.8 | L8: -2500 | M8: Bottom | N8: =Bottom!N7 -> 1050 | O8: =Bottom!O7 -> 1093 | P8: =Bottom!P7 -> 927 | Q8: =Bottom!Q7 -> 1033
J9: 2
J10: 2.2
J11: 2.8
J12: 3
D13: Camera 1 without filter | J13: 3.2 | N13: Camera 2 without filter
D14: Schweppes | E14: Fluorescein | F14: Rhodomine | G14: Nile Blue | J14: 3.8 | N14: Schweppes | O14: Fluorescein | P14: Rhodomine | Q14: Nile Blue
C15: Top | D15: =Top!E19 -> 883 | E15: =Top!F19 -> 929 | F15: =Top!G19 -> 768 | G15: =Top!H19 -> 865 | J15: 4 | M15: Top | N15: =Top!N19 -> 1047 | O15: =Top!O19 -> 1101 | P15: =Top!P19 -> 944 | Q15: =Top!Q19 -> 1027
C16: Middle | D16: =Middle!E19 -> 927 | E16: =Middle!F19 -> 971 | F16: =Middle!G19 -> 779 | G16: =Middle!H19 -> 887 | J16: 4.2 | M16: Middle | N16: =Middle!N19 -> 1101 | O16: =Middle!O19 -> 1140 | P16: =Middle!P19 -> 980 | Q16: =Middle!Q19 -> 1055
C17: Bottom | D17: =Bottom!E19 -> 878 | E17: =Bottom!F19 -> 908 | F17: =Bottom!G19 -> 759 | G17: =Bottom!H19 -> 863 | M17: Bottom | N17: =Bottom!N19 -> 1058 | O17: =Bottom!O19 -> 1094 | P17: =Bottom!P19 -> 921 | Q17: =Bottom!Q19 -> 1033
